id,claim,label,claim_date,language,ground_truth_source,ground_truth_url,source_title,evidence_text,source_type
N01,"Nadiad Municipal Corporation employees prepared to take legal action over outsourcing in June 2025.",real,2025-06-20,English,Gujarat Samachar,https://www.gujaratsamachar.com/news/gujarat/employees-of-nadiad-municipal-corporation-prepare-to-go-to-court-over-outsourcing,"નડિયાદ મનપામાં આઉટસોર્સિંગમાં ધકેલવા મામલે કર્મચારીઓની કોર્ટમાં જવાની તૈયારી","Employees sent notices to the commissioner and concerned officials over a dispute about including contract and fixed-pay employees in an agency after Nadiad Municipal Corporation's outsourcing decision.",news
N02,"Kheda police transferred four police inspectors including inspectors at Nadiad and the women's police station in January 2026.",real,2026-01-28,English,Gujarat Jagran,https://www.gujaratijagran.com/gujarat/nadiad/nadiad-news-pis-of-chaklasi-nadiad-and-mahila-police-stations-transferred-681187,"ખેડા પોલીસ તંત્રમાં ફેરફાર: ચકલાસી, નડિયાદ અને મહિલા પોલીસ સ્ટેશનના PIની બદલી","Kheda district police made administrative transfers involving four non-armed police inspectors, including the Nadiad and women's police stations.",news
N03,"Nadiad municipal area still had 60 percent of pre-monsoon drain cleaning left in June 2025.",real,2025-06-04,English,Gujarat Samachar,https://www.gujaratsamachar.com/news/gujarat/60-percent-of-the-copper-is-still-left-to-be-cleaned-in-nadiad-municipal-corporation-area,"નડિયાદ મનપા વિસ્તારમાં 60 ટકા કાંસની સફાઈ હજૂ બાકી","A report said only 40 percent of rainwater-line cleaning had been completed in ten days during pre-monsoon work, leaving 60 percent pending.",news
N04,"A special Aadhaar registration camp for orphan children was held at Matru Chhaya orphanage in Nadiad in June 2025.",real,2025-06-26,English,Gujarat.in News,https://news.gujarat.in/nadiad-hosts-aadhaar-registration-camp-for-orphan-children/,"Nadiad Hosts Aadhaar Registration Camp for Orphan Children","A special Aadhaar registration camp was organised at Matru Chhaya orphanage as part of the Kheda District Legal Services Authority's Sathi Abhiyan.",news
N05,"Gujarat ATS arrested two Punjab murder accused at a labour colony near the bullet train project site in Nadiad in April 2025.",real,2025-04-16,English,The Times of India,https://timesofindia.indiatimes.com/city/ahmedabad/murder-accused-from-punjab-nabbed-while-working-at-bullet-train-project-in-gujarat/articleshow/120315872.cms,"Murder accused from Punjab nabbed while working at bullet train project in Gujarat","Gujarat ATS apprehended two people wanted in a Punjab murder case from a labour colony near the Mumbai-Ahmedabad bullet train project site in Nadiad.",news
N06,"A fake WhatsApp account using the Nadiad municipal commissioner's name and official photo was reported in June 2026.",real,2026-06-17,English,Gujarat Jagran,https://www.gujaratijagran.com/gujarat/nadiad/nadiad-municipal-commissioner-kiran-zaveri-fake-whatsapp-account-cyber-crime-alert-772173,"નડિયાદ મ્યુનિ. કમિશનરના નામે મેસેજ આવે તો ચેતજો, ફેક વોટ્સએપ એકાઉન્ટ સક્રિય","The report warned that a fake WhatsApp account was using Nadiad Municipal Commissioner Kiran Zaveri's name and official photograph and was operated from a foreign number.",news
N07,"Nadiad SOG seized more than one lakh rupees in counterfeit currency and arrested two people in February 2025.",real,2025-02-14,Gujarat,Gujarat First,https://www.gujaratfirst.com/gujarat/nadiad-youtube-video-a4-paper-printer-and-fake-currency-notes-worth-1-03-lakh-seized/198390,"YouTube વીડિયો, A4ના પેપરનું પ્રિન્ટર અને નકલી નોટોનો ફર્જી કાંડ!","Nadiad SOG reported a counterfeit-currency racket, seizing fake notes of 500, 200 and 100 denominations worth about ₹1.03 lakh and arresting two people.",news
N08,"About 3,100 kilograms of suspected adulterated ghee was seized from a facility on the Nadiad-Dakor Road in March 2025.",real,2025-03-26,Gujarati,Gujarat First,https://www.gujaratfirst.com/top-news/nadiad-adulterated-ghee-factory-busted/205382,"Nadiad : રાજ્યમાં વધુ એક નકલી ઘીની ફેક્ટરી ઝડપાઈ","A food and drugs enforcement team raided a ghee facility on the Nadiad-Dakor Road and seized adulterated ghee and related materials.",news
F01,"લોકડાઉન દરમિયાન મુસ્લિમોએ પોલીસ પર હુમલો કર્યો તેનો વીડિયો નડિયાદનો છે.",fake,2020-03-30,Gujarati,Fact Crescendo Gujarati,https://gujarati.factcrescendo.com/video-of-attack-on-police-in-telangana-goes-viral-in-the-name-nadiad-city-of-gujrat/,"બેંગ્લોરમાં લોકડાઉન દરમિયાન પોલીસ પર હુમલાનો વીડિયો નડિયાદના નામે વાયરલ","Fact Crescendo found that the video was from Bengaluru's Sanjay Nagar, not Nadiad or Kheda; Kheda police also stated it was not from Nadiad.",fact-check
F02,"ચાર વર્ષની બાળકીના અપહરણની કોશિશનો CCTV વીડિયો નડિયાદમાં બનેલી ઘટનાનો છે.",fake,2020-10-08,Gujarati,Fact Crescendo Gujarati,https://gujarati.factcrescendo.com/video-of-an-attempt-to-kidnap-a-girl-in-delhi-went-viral-in-the-name-of-nadiad/,"દિલ્હીમાં બાળકીના અપહરણના પ્રયાસનો વીડિયો નડિયાદના નામે વાયરલ","Fact Crescendo found that the CCTV incident occurred in Delhi's Shakarpur area, not Nadiad.",fact-check
F03,"A video of police stone-pelting in Ahmedabad was actually a recent police attack in Nadiad.",fake,2020-04-02,Gujarati,Fact Crescendo Gujarati,https://gujarati.factcrescendo.com/old-video-of-caa-violence-in-ahmedabad-goes-viral-as-recent-incident-in-nadiad/,"અમદાવાદમાં પોલીસ પર થયેલા પથ્થરમારાનો વીડિયો નડિયાદના નામે વાયરલ","Fact Crescendo found that the footage was from the December 2019 Shah Alam violence in Ahmedabad and was falsely attributed to Nadiad.",fact-check
F04,"બેંગ્લોરમાં લોકડાઉન દરમિયાન પોલીસ પર હુમલાનો વીડિયો ખરેખર નડિયાદનો છે.",fake,2020-03-30,Gujarati,Fact Crescendo Gujarati,https://gujarati.factcrescendo.com/video-of-attack-on-police-in-telangana-goes-viral-in-the-name-nadiad-city-of-gujrat/,"બેંગ્લોરમાં લોકડાઉન દરમિયાન પોલીસ પર હુમલાનો વીડિયો નડિયાદના નામે વાયરલ","The same fact-check documents the Bengaluru/Sanjay Nagar origin and the Kheda police denial that it was from Nadiad.",fact-check
